insert into user(id, username, password, name, last_name, role) value (1, "admin", "$2a$08$lDnHPz7eUkSi6ao14Twuau08mzhWrL4kyZGGU5xfiGALO/Vxd5DOi", "admin", "admin", "ADMIN")
insert into user(id, username, password, name, last_name, role) value (2, "doctor", "$2a$08$lDnHPz7eUkSi6ao14Twuau08mzhWrL4kyZGGU5xfiGALO/Vxd5DOi", "doctor", "doctor", "DOCTOR")
insert into patient(id, name, last_name, email) value (1, "niki", "radi", "rnikolina")
insert into patient(id, name, last_name, email) value (2, "saki", "rad", "sandrolina")
insert into patient(id, name, last_name, email) value (3, "uki", "ukic", "jocko")
insert into disease(id, name, disease_type) value (1, "Prehlada", "FIRST")
insert into disease(id, name, disease_type) value (2, "Groznica", "FIRST")
insert into disease(id, name, disease_type) value (3, "Upala krajnika", "FIRST")
insert into disease(id, name, disease_type) value (4, "Sinusna infekcija", "FIRST")
insert into disease(id, name, disease_type) value (5, "Hipertenzija", "SECOND")
insert into disease(id, name, disease_type) value (6, "Dijabetes", "SECOND")
insert into disease(id, name, disease_type) value (7, "Hronicna bubrezna bolest", "THIRD")
insert into disease(id, name, disease_type) value (8, "Akutna bubrezna povreda", "THIRD")
insert into symptom(id, name, symptom_type) value (1, "Curenje iz nosa", "GENERAL")
insert into symptom(id, name, symptom_type ) value (2, "Bol u grlu", "GENERAL")
insert into symptom(id, name, symptom_type ) value (3, "Glavobolja", "GENERAL")
insert into symptom(id, name, symptom_type ) value (4, "Kijanje", "GENERAL")
insert into symptom(id, name, symptom_type ) value (5, "Kasalj", "GENERAL")
insert into symptom(id, name, symptom_type ) value (6, "Temperatura veca od 38C", "GENERAL")
insert into symptom(id, name, symptom_type ) value (7, "Drhtavica", "GENERAL")
insert into symptom(id, name, symptom_type ) value (8, "Bol koji se siri do usiju", "GENERAL")
insert into symptom(id, name, symptom_type ) value (9, "Temperatura od 40C do 41C", "GENERAL")
insert into symptom(id, name, symptom_type ) value (10, "Gubitak apetita", "GENERAL")
insert into symptom(id, name, symptom_type ) value (11, "Umor", "GENERAL")
insert into symptom(id, name, symptom_type ) value (12, "Zuti sekret iz nosa", "GENERAL")
insert into symptom(id, name, symptom_type ) value (13, "Oticanje oko ociju", "GENERAL")
insert into symptom(id, name, symptom_type ) value (14, "Cesto uriniranje", "GENERAL")
insert into symptom(id, name, symptom_type ) value (15, "Gubitak telesne tezine", "GENERAL")
insert into symptom(id, name, symptom_type ) value (16, "Zamor", "GENERAL")
insert into symptom(id, name, symptom_type ) value (17, "Mucnina i povracanje", "GENERAL")
insert into symptom(id, name, symptom_type ) value (18, "Nocturia", "GENERAL")
insert into symptom(id, name, symptom_type ) value (19, "Otoci nogu i zglobova", "GENERAL")
insert into symptom(id, name, symptom_type ) value (20, "Gusenje", "GENERAL")
insert into symptom(id, name, symptom_type ) value (21, "Bol u grudima", "GENERAL")
insert into symptom(id, name, symptom_type) value (22, "Dijareja", "GENERAL")
--Prehlada--
insert into disease_symptoms(disease_id, symptoms_id) value (1, 1)
insert into disease_symptoms(disease_id, symptoms_id) value (1, 2)
insert into disease_symptoms(disease_id, symptoms_id) value (1, 3)
insert into disease_symptoms(disease_id, symptoms_id) value (1, 4)
insert into disease_symptoms(disease_id, symptoms_id) value (1, 5)
--Groznica--
insert into disease_symptoms(disease_id, symptoms_id) value (2, 4)
insert into disease_symptoms(disease_id, symptoms_id) value (2, 2)
insert into disease_symptoms(disease_id, symptoms_id) value (2, 5)
insert into disease_symptoms(disease_id, symptoms_id) value (2, 6)
insert into disease_symptoms(disease_id, symptoms_id) value (2, 1)
insert into disease_symptoms(disease_id, symptoms_id) value (2, 3)
insert into disease_symptoms(disease_id, symptoms_id) value (2, 7)
--Upala krajnika--
insert into disease_symptoms(disease_id, symptoms_id) value (3, 2)
insert into disease_symptoms(disease_id, symptoms_id) value (3, 8)
insert into disease_symptoms(disease_id, symptoms_id) value (3, 3)
insert into disease_symptoms(disease_id, symptoms_id) value (3, 9)
insert into disease_symptoms(disease_id, symptoms_id) value (3, 7)
insert into disease_symptoms(disease_id, symptoms_id) value (3, 10)
insert into disease_symptoms(disease_id, symptoms_id) value (3, 11)
insert into disease_symptoms(disease_id, symptoms_id) value (3, 12)
--Sinusna infekcija--
insert into disease_symptoms(disease_id, symptoms_id) value (4, 13)
insert into disease_symptoms(disease_id, symptoms_id) value (4, 3)
insert into disease_symptoms(disease_id, symptoms_id) value (4, 12)
insert into disease_symptoms(disease_id, symptoms_id) value (4, 2)
insert into disease_symptoms(disease_id, symptoms_id) value (4, 6)
insert into disease_symptoms(disease_id, symptoms_id) value (4, 5)
--Dijabetes--
insert into disease_symptoms(disease_id, symptoms_id) value (6, 14)
insert into disease_symptoms(disease_id, symptoms_id) value (6, 15)
insert into disease_symptoms(disease_id, symptoms_id) value (6, 16)
insert into disease_symptoms(disease_id, symptoms_id) value (6, 17)
--Hronicna bubrezna bolest--
insert into disease_symptoms(disease_id, symptoms_id) value (7, 16)
insert into disease_symptoms(disease_id, symptoms_id) value (7, 18)
insert into disease_symptoms(disease_id, symptoms_id) value (7, 19)
insert into disease_symptoms(disease_id, symptoms_id) value (7, 20)
insert into disease_symptoms(disease_id, symptoms_id) value (7, 21)
--Akutna bubrezna povreda--
insert into disease_symptoms(disease_id, symptoms_id) value (8, 16)
insert into disease_symptoms(disease_id, symptoms_id) value (8, 20)
insert into disease_symptoms(disease_id, symptoms_id) value (8, 19)
insert into disease_symptoms(disease_id, symptoms_id) value (8, 22)