insert into user(id, username, password, name, last_name, role) value (1, "admin", "$2a$08$lDnHPz7eUkSi6ao14Twuau08mzhWrL4kyZGGU5xfiGALO/Vxd5DOi", "admin", "admin", "ADMIN")
insert into user(id, username, password, name, last_name, role) value (2, "doctor", "$2a$08$lDnHPz7eUkSi6ao14Twuau08mzhWrL4kyZGGU5xfiGALO/Vxd5DOi", "doctor", "doctor", "DOCTOR")
insert into patient(id, name, last_name, email) value (1, "niki", "radi", "rnikolina")
insert into patient(id, name, last_name, email) value (2, "saki", "rad", "sandrolina")
insert into patient(id, name, last_name, email) value (3, "uki", "ukic", "jocko")
insert into patient(id, name, last_name, email) value (4, "cetvrti", "cetvrti", "cetvrti")
insert into disease(id, name, disease_type) value (1, "Prehlada", "FIRST")
insert into disease(id, name, disease_type) value (2, "Groznica", "FIRST")
insert into disease(id, name, disease_type) value (3, "Upala krajnika", "FIRST")
insert into disease(id, name, disease_type) value (4, "Sinusna infekcija", "FIRST")
insert into disease(id, name, disease_type) value (5, "Hipertenzija", "SECOND")
insert into disease(id, name, disease_type) value (6, "Dijabetes", "SECOND")
insert into disease(id, name, disease_type) value (7, "Hronicna bubrezna bolest", "THIRD")
insert into disease(id, name, disease_type) value (8, "Akutna bubrezna povreda", "THIRD")
insert into symptom(id, name, symptom_type) value (1, "Curenje iz nosa", "GENERAL")
insert into symptom(id, name, symptom_type ) value (2, "Bol u grlu", "GENERAL")
insert into symptom(id, name, symptom_type ) value (3, "Glavobolja", "GENERAL")
insert into symptom(id, name, symptom_type ) value (4, "Kijanje", "GENERAL")
insert into symptom(id, name, symptom_type ) value (5, "Kasalj", "GENERAL")
insert into symptom(id, name, symptom_type ) value (6, "Temperatura veca od 38C", "GENERAL")
insert into symptom(id, name, symptom_type ) value (7, "Drhtavica", "GENERAL")
insert into symptom(id, name, symptom_type ) value (8, "Bol koji se siri do usiju", "GENERAL")
insert into symptom(id, name, symptom_type ) value (9, "Temperatura od 40C do 41C", "GENERAL")
insert into symptom(id, name, symptom_type ) value (10, "Gubitak apetita", "GENERAL")
insert into symptom(id, name, symptom_type ) value (11, "Umor", "GENERAL")
insert into symptom(id, name, symptom_type ) value (12, "Zuti sekret iz nosa", "GENERAL")
insert into symptom(id, name, symptom_type ) value (13, "Oticanje oko ociju", "GENERAL")
insert into symptom(id, name, symptom_type ) value (14, "Cesto uriniranje", "GENERAL")
insert into symptom(id, name, symptom_type ) value (15, "Gubitak tjelesne tezine", "GENERAL")
insert into symptom(id, name, symptom_type ) value (16, "Zamor", "GENERAL")
insert into symptom(id, name, symptom_type ) value (17, "Mucnina i povracanje", "GENERAL")
insert into symptom(id, name, symptom_type ) value (18, "Nocturia", "GENERAL")
insert into symptom(id, name, symptom_type ) value (19, "Otoci nogu i zglobova", "GENERAL")
insert into symptom(id, name, symptom_type ) value (20, "Gusenje", "GENERAL")
insert into symptom(id, name, symptom_type ) value (21, "Bol u grudima", "GENERAL")
insert into symptom(id, name, symptom_type) value (22, "Dijareja", "GENERAL")
insert into symptom(id, name, symptom_type) value (23, "Visok pritisak", "GENERAL")
insert into symptom(id, name, symptom_type) value (24, "U zadnjih 6 mjeseci imao povisen pritisak bar 10 puta", "SPECIFIC")
insert into symptom(id, name, symptom_type) value (25, "Bolovao od prehlade ili groznice u posljednjih 60 dana", "SPECIFIC")
insert into symptom(id, name, symptom_type) value (26, "Boluje od hipertenzije vise od 6 mjeseci", "SPECIFIC")
insert into symptom(id, name, symptom_type) value (27, "Boluje od dijabetesa", "SPECIFIC")
insert into symptom(id, name, symptom_type) value (28, "Oporavlja se od operacije", "SPECIFIC")
insert into symptom(id, name, symptom_type) value (29, "U posljednjih 14 dana bolest koja kao simptom ima povisenu temperaturu", "SPECIFIC")
insert into symptom(id, name, symptom_type) value (30, "U posljednjih 21 dan bolest lijecena antibioticima", "SPECIFIC")

--Prehlada--
insert into disease_symptoms(disease_id, symptoms_id) value (1, 1)
insert into disease_symptoms(disease_id, symptoms_id) value (1, 2)
insert into disease_symptoms(disease_id, symptoms_id) value (1, 3)
insert into disease_symptoms(disease_id, symptoms_id) value (1, 4)
insert into disease_symptoms(disease_id, symptoms_id) value (1, 5)
--Groznica--
insert into disease_symptoms(disease_id, symptoms_id) value (2, 4)
insert into disease_symptoms(disease_id, symptoms_id) value (2, 2)
insert into disease_symptoms(disease_id, symptoms_id) value (2, 5)
insert into disease_symptoms(disease_id, symptoms_id) value (2, 6)
insert into disease_symptoms(disease_id, symptoms_id) value (2, 1)
insert into disease_symptoms(disease_id, symptoms_id) value (2, 3)
insert into disease_symptoms(disease_id, symptoms_id) value (2, 7)
--Upala krajnika--
insert into disease_symptoms(disease_id, symptoms_id) value (3, 2)
insert into disease_symptoms(disease_id, symptoms_id) value (3, 8)
insert into disease_symptoms(disease_id, symptoms_id) value (3, 3)
insert into disease_symptoms(disease_id, symptoms_id) value (3, 9)
insert into disease_symptoms(disease_id, symptoms_id) value (3, 7)
insert into disease_symptoms(disease_id, symptoms_id) value (3, 10)
insert into disease_symptoms(disease_id, symptoms_id) value (3, 11)
insert into disease_symptoms(disease_id, symptoms_id) value (3, 12)
--Sinusna infekcija--
insert into disease_symptoms(disease_id, symptoms_id) value (4, 13)
insert into disease_symptoms(disease_id, symptoms_id) value (4, 3)
insert into disease_symptoms(disease_id, symptoms_id) value (4, 12)
insert into disease_symptoms(disease_id, symptoms_id) value (4, 2)
insert into disease_symptoms(disease_id, symptoms_id) value (4, 6)
insert into disease_symptoms(disease_id, symptoms_id) value (4, 5)
insert into disease_symptoms(disease_id, symptoms_id) value (4, 25)
---Hipertenzija--
insert into disease_symptoms(disease_id, symptoms_id) value (5, 24)

--Dijabetes--
insert into disease_symptoms(disease_id, symptoms_id) value (6, 14)
insert into disease_symptoms(disease_id, symptoms_id) value (6, 15)
insert into disease_symptoms(disease_id, symptoms_id) value (6, 16)
insert into disease_symptoms(disease_id, symptoms_id) value (6, 17)
--Hronicna bubrezna bolest--
insert into disease_symptoms(disease_id, symptoms_id) value (7, 16)
insert into disease_symptoms(disease_id, symptoms_id) value (7, 18)
insert into disease_symptoms(disease_id, symptoms_id) value (7, 19)
insert into disease_symptoms(disease_id, symptoms_id) value (7, 20)
insert into disease_symptoms(disease_id, symptoms_id) value (7, 21)
insert into disease_symptoms(disease_id, symptoms_id) value (7, 26)
insert into disease_symptoms(disease_id, symptoms_id) value (7, 27)
--Akutna bubrezna povreda--
insert into disease_symptoms(disease_id, symptoms_id) value (8, 16)
insert into disease_symptoms(disease_id, symptoms_id) value (8, 20)
insert into disease_symptoms(disease_id, symptoms_id) value (8, 19)
insert into disease_symptoms(disease_id, symptoms_id) value (8, 22)
insert into disease_symptoms(disease_id, symptoms_id) value (8, 29)
insert into disease_symptoms(disease_id, symptoms_id) value (8, 28)
insert into disease_symptoms(disease_id, symptoms_id) value (8, 30)

insert into medical_record(id, recorded_date, doctor_id) value (1, '2018-07-14 14:43:58', 2)
insert into medical_record_disease(medical_record_id, disease_id) value (1, 2)
insert into medical_record_symptoms(medical_record_id, symptoms_id) value (1,23)
insert into patient_patient_history(patient_id, patient_history_id) value (1,1)

insert into medical_record(id, recorded_date, doctor_id) value (2, '2018-06-14 14:43:58', 2)
insert into medical_record_disease(medical_record_id, disease_id) value (2, 1)
insert into medical_record_symptoms(medical_record_id, symptoms_id) value (2,23)
insert into patient_patient_history(patient_id, patient_history_id) value (1,2)

insert into medical_record(id, recorded_date, doctor_id) value (3, '2018-05-14 14:43:58', 2)
insert into medical_record_disease(medical_record_id, disease_id) value (3, 1)
insert into medical_record_symptoms(medical_record_id, symptoms_id) value (3,23)
insert into patient_patient_history(patient_id, patient_history_id) value (1,3)

insert into medical_record(id, recorded_date, doctor_id) value (4, '2018-04-14 14:43:58', 2)
insert into medical_record_disease(medical_record_id, disease_id) value (4, 2)
insert into medical_record_symptoms(medical_record_id, symptoms_id) value (4,23)
insert into patient_patient_history(patient_id, patient_history_id) value (1,4)

insert into medical_record(id, recorded_date, doctor_id) value (5, '2018-03-14 14:43:58', 2)
insert into medical_record_disease(medical_record_id, disease_id) value (5, 2)
insert into medical_record_symptoms(medical_record_id, symptoms_id) value (5,23)
insert into patient_patient_history(patient_id, patient_history_id) value (1,5)

insert into medical_record(id, recorded_date, doctor_id) value (6, '2018-08-14 14:43:58', 2)
insert into medical_record_disease(medical_record_id, disease_id) value (6, 2)
insert into medical_record_symptoms(medical_record_id, symptoms_id) value (6,23)
insert into patient_patient_history(patient_id, patient_history_id) value (1,6)

insert into medical_record(id, recorded_date, doctor_id) value (7, '2018-09-02 14:43:58', 2)
insert into medical_record_disease(medical_record_id, disease_id) value (7, 1)
insert into medical_record_symptoms(medical_record_id, symptoms_id) value (7,23)
insert into patient_patient_history(patient_id, patient_history_id) value (1,7)

insert into medical_record(id, recorded_date, doctor_id) value (8, '2018-05-04 14:43:58', 2)
insert into medical_record_disease(medical_record_id, disease_id) value (8, 2)
insert into medical_record_symptoms(medical_record_id, symptoms_id) value (8,23)
insert into patient_patient_history(patient_id, patient_history_id) value (1,8)

insert into medical_record(id, recorded_date, doctor_id) value (9, '2018-06-11 14:43:58', 2)
insert into medical_record_disease(medical_record_id, disease_id) value (9, 2)
insert into medical_record_symptoms(medical_record_id, symptoms_id) value (9,23)
insert into patient_patient_history(patient_id, patient_history_id) value (1,9)

insert into medical_record(id, recorded_date, doctor_id) value (10, '2018-08-02 14:43:58', 2)
insert into medical_record_disease(medical_record_id, disease_id) value (10, 1)
insert into medical_record_symptoms(medical_record_id, symptoms_id) value (10,23)
insert into patient_patient_history(patient_id, patient_history_id) value (1,10)

insert into medical_record(id, recorded_date, doctor_id) value (11, '2018-01-01 14:43:58', 2)
insert into medical_record_disease(medical_record_id, disease_id) value (11, 5)
insert into patient_patient_history(patient_id, patient_history_id) value (2,11)

insert into medical_record(id, recorded_date, doctor_id) value (12, '2018-02-01 14:43:58', 2)
insert into medical_record_disease(medical_record_id, disease_id) value (12, 6)
insert into patient_patient_history(patient_id, patient_history_id) value (2,12)

insert into medical_record(id, recorded_date, doctor_id) value (13, '2018-09-01 14:43:58', 2)
insert into medical_record_disease(medical_record_id, disease_id) value (13, 2)
insert into patient_patient_history(patient_id, patient_history_id) value (1,13)

insert into medical_record(id, recorded_date, doctor_id) value (14, '2018-09-05 14:43:58', 2)
insert into medical_record_disease(medical_record_id, disease_id) value (14, 3)
insert into patient_patient_history(patient_id, patient_history_id) value (1,14)

insert into medicine(id, medicine_type, name) value (1, "ANTIBIOTIK", "amoksicilin")
insert into medicine(id, medicine_type, name) value (2, "ANTIBIOTIK", "ospen")
insert into medicine(id, medicine_type, name) value (3, "OSTALO", "paracetamol")
insert into medicine(id, medicine_type, name) value (4, "OSTALO", "nemam pojma")
insert into medicine(id, medicine_type, name) value (5, "ANTIBIOTIK", "jos jedan antibiotik")
insert into medicine(id, medicine_type, name) value (6, "ANALGETIK", "nesto protiv bolova")
insert into medicine(id, medicine_type, name) value (7, "ANALGETIK", "mooorfijum")

insert into medicine_component(id, name) value (1, "komp1")
insert into medicine_component(id, name) value (2, "komp2")
insert into medicine_component(id, name) value (3, "komp3")
insert into medicine_component(id, name) value (4, "komp4")
insert into medicine_component(id, name) value (5, "komp5")
insert into medicine_component(id, name) value (6, "komp6")
insert into medicine_component(id, name) value (7, "komp7")

insert into medicine_components(medicine_id, components_id) value (1,1)
insert into medicine_components(medicine_id, components_id) value (1,2)
insert into medicine_components(medicine_id, components_id) value (1,3)
insert into medicine_components(medicine_id, components_id) value (3,4)

insert into patient_medicine_alergies(patient_id, medicine_alergies_id) value (4, 1)
insert into patient_component_alergies(patient_id, component_alergies_id) value (4, 4)

insert into medical_record(id, recorded_date, doctor_id) value (15, '2018-09-01 14:43:58', 2)
insert into medical_record_disease(medical_record_id, disease_id) value (15, 2)
insert into patient_patient_history(patient_id, patient_history_id) value (4,15)

insert into medical_record(id, recorded_date, doctor_id) value (16, '2018-09-05 14:43:58', 2)
insert into medical_record_disease(medical_record_id, disease_id) value (16, 3)
insert into patient_patient_history(patient_id, patient_history_id) value (4,16)
insert into medical_record_medicine(medical_record_id, medicine_id) value (16,1)